tipo_lesion,total,dias_promedio
Contusi贸n,66,13.43939393939394
Distensi贸n muscular,77,12.571428571428571
Esguince,89,26.640449438202246
Fascitis,79,13.075949367088608
Fractura,89,75.13483146067416
Lesi贸n de ligamentos,80,78.0
Luxaci贸n,78,11.474358974358974
Pubalgia,71,27.985915492957748
Rotura fibrilar,77,79.66233766233766
Sobrecarga muscular,71,12.014084507042254
Tendinitis,77,28.74025974025974
